City ID,City,Country,Lat,Lng,Max Temp,Humidity,Cloudiness,Wind Speed,Current Description
0,Hohr-Grenzhausen,DE,50.4333,7.6667,68.04,92,13,3.65,few clouds
1,Narsaq,GL,60.9167,-46.05,59.22,53,42,4.36,scattered clouds
2,Mahebourg,MU,-20.4081,57.7,70.09,64,20,11.5,few clouds
3,Hithadhoo,MV,-0.6,73.0833,80.6,75,87,4.0,light rain
4,Hilo,US,19.7297,-155.09,82.8,85,90,4.61,light rain
5,Rikitea,PF,-23.1203,-134.9692,70.65,67,38,6.42,scattered clouds
6,Trairi,BR,-3.2778,-39.2689,80.28,68,17,12.71,few clouds
7,Broome,US,42.2506,-75.833,85.69,64,40,3.0,scattered clouds
8,Butaritari,KI,3.0707,172.7902,82.08,74,92,11.12,moderate rain
9,Provideniya,RU,64.3833,-173.3,46.51,100,90,6.71,fog
10,Tuktoyaktuk,CA,69.4541,-133.0374,48.2,93,90,17.27,light rain
11,Thompson,CA,55.7435,-97.8558,62.76,42,20,10.36,few clouds
12,Faanui,PF,-16.4833,-151.75,78.01,66,0,12.86,clear sky
13,Vaini,TO,-21.2,-175.2,75.47,83,71,4.83,broken clouds
14,Albany,US,42.6001,-73.9662,85.03,75,60,1.99,broken clouds
15,Kapaa,US,22.0752,-159.319,82.72,79,75,1.99,light rain
16,Ushuaia,AR,-54.8,-68.3,37.06,75,40,20.71,scattered clouds
17,Sitka,US,57.0531,-135.33,57.09,77,75,5.75,light rain
18,Qaanaaq,GL,77.484,-69.3632,40.53,71,80,5.68,broken clouds
19,Patan,NP,27.6667,85.3333,70.18,100,75,2.3,moderate rain
20,Saint-Philippe,RE,-21.3585,55.7679,69.35,77,36,11.92,scattered clouds
21,Victoria,HK,22.2855,114.1577,86.38,84,16,1.99,few clouds
22,Luwuk,ID,-0.9516,122.7875,75.29,85,76,4.18,broken clouds
23,Sulangan,PH,11.1373,123.7228,84.0,72,56,14.97,broken clouds
24,Kurumkan,RU,54.3,110.3,60.4,67,59,2.93,broken clouds
25,Codrington,AU,-38.2667,141.9667,50.04,94,73,14.32,broken clouds
26,Margate,GB,51.3813,1.3862,66.04,88,45,1.01,scattered clouds
27,Washington,US,47.5001,-120.5015,92.93,20,3,5.84,clear sky
28,Bredasdorp,ZA,-34.5322,20.0403,45.72,93,100,3.44,overcast clouds
29,Vuktyl,RU,63.8567,57.3094,50.36,76,99,4.97,overcast clouds
30,Pisco,PE,-13.7,-76.2167,66.25,72,0,9.22,clear sky
31,Taungdwingyi,MM,20.0167,95.55,76.23,89,100,9.37,overcast clouds
32,Rosamorada,MX,22.1222,-105.2058,94.44,49,6,6.8,clear sky
33,Avarua,CK,-21.2078,-159.775,75.25,88,40,4.61,scattered clouds
34,Pangnirtung,CA,66.1451,-65.7125,46.4,100,90,10.36,overcast clouds
35,Bluff,NZ,-46.6,168.3333,46.8,87,100,4.81,moderate rain
36,Ayan,RU,56.45,138.1667,60.28,94,90,1.03,overcast clouds
37,Hongjiang,CN,27.11,109.9956,73.08,95,0,1.52,clear sky
38,Jackson,US,42.4165,-122.8345,92.91,33,1,6.91,clear sky
39,Khatanga,RU,71.9667,102.5,48.83,87,43,6.46,scattered clouds
40,Mataura,NZ,-46.1927,168.8643,46.47,92,100,3.38,moderate rain
41,Marzuq,YE,14.4,46.4667,73.76,78,88,6.15,overcast clouds
42,Mitchell,US,43.7094,-98.0298,91.38,40,1,14.97,clear sky
43,Tabuk,PH,17.4189,121.4443,77.79,77,100,2.57,overcast clouds
44,Kapit,MY,2.0167,112.9333,74.43,99,97,0.6,overcast clouds
45,Wladyslawowo,PL,54.7909,18.4009,72.95,83,100,11.52,overcast clouds
46,Mpulungu,ZM,-8.7623,31.1141,63.99,56,41,10.47,scattered clouds
47,Teya,RU,60.3778,92.6267,63.59,69,7,2.89,clear sky
48,Castro,BR,-24.7911,-50.0119,65.03,61,2,3.85,clear sky
49,Hobart,AU,-42.8794,147.3294,44.22,71,20,1.99,few clouds
50,Busselton,AU,-33.65,115.3333,58.08,65,8,20.58,clear sky
51,Saldanha,ZA,-33.0117,17.9442,53.65,50,100,12.41,overcast clouds
52,Hualmay,PE,-11.0964,-77.6139,67.44,73,21,9.26,few clouds
53,Ballina,AU,-28.8667,153.5667,48.16,61,0,6.91,clear sky
54,Shingu,JP,33.7333,135.9833,73.9,80,0,4.85,clear sky
55,Malatya,TR,38.5,38.0,73.45,31,0,5.75,clear sky
56,Sibolga,ID,1.7427,98.7792,76.64,82,26,3.38,scattered clouds
57,Lorengau,PG,-2.0226,147.2712,78.66,83,100,8.66,overcast clouds
58,Ust-Omchug,RU,61.15,149.6333,53.15,98,100,6.02,light rain
59,Souillac,MU,-20.5167,57.5167,70.18,64,20,11.5,few clouds
60,Iqaluit,CA,63.7506,-68.5145,51.53,87,75,5.99,broken clouds
61,Paamiut,GL,61.994,-49.6678,44.29,73,82,5.59,broken clouds
62,Luderitz,NA,-26.6481,15.1594,67.35,23,100,4.76,overcast clouds
63,Buarcos,PT,40.166,-8.8768,68.67,98,26,8.39,scattered clouds
64,Upernavik,GL,72.7868,-56.1549,41.25,81,12,13.24,few clouds
65,Guiyang,CN,26.5833,106.7167,66.69,94,20,2.24,few clouds
66,Cherskiy,RU,68.75,161.3,45.93,63,23,7.2,few clouds
67,Yellowknife,CA,62.456,-114.3525,63.32,51,20,3.0,few clouds
68,Chicama,PE,-7.8447,-79.1469,68.54,63,11,11.14,few clouds
69,Yulara,AU,-25.2406,130.9889,46.24,61,5,5.75,clear sky
70,Norfolk,US,42.1668,-71.2495,74.03,88,90,11.5,overcast clouds
71,Bermeo,ES,43.4209,-2.7215,68.49,85,100,5.7,overcast clouds
72,Baruun-Urt,MN,46.6806,113.2792,60.42,69,100,12.01,overcast clouds
73,Tuatapere,NZ,-46.1333,167.6833,46.81,95,100,4.74,moderate rain
74,Namibe,AO,-15.1961,12.1522,66.6,87,0,4.92,clear sky
75,Dingle,PH,10.9995,122.6711,77.14,89,34,9.69,scattered clouds
76,Carnarvon,AU,-24.8667,113.6333,51.87,74,0,6.91,clear sky
77,Atuona,PF,-9.8,-139.0333,77.97,69,68,22.95,broken clouds
78,Pevek,RU,69.7008,170.3133,34.88,91,100,8.63,overcast clouds
79,Mongo,TD,12.1844,18.693,73.35,88,99,2.37,overcast clouds
80,Caravelas,BR,-17.7125,-39.2481,71.06,71,29,7.83,scattered clouds
81,Ilulissat,GL,69.2167,-51.1,53.62,37,100,9.22,overcast clouds
82,Alexandria,EG,31.2156,29.9553,77.54,73,40,9.22,scattered clouds
83,Yanam,IN,16.7333,82.2167,80.96,81,84,4.23,broken clouds
84,Nikolskoye,RU,59.7035,30.7861,67.89,70,24,2.53,few clouds
85,Chapais,CA,49.7834,-74.8492,65.98,50,91,8.93,overcast clouds
86,Poum,NC,-20.2333,164.0167,72.32,78,1,17.25,clear sky
87,Bubaque,GW,11.2833,-15.8333,79.41,81,100,9.55,overcast clouds
88,Jijiang,CN,29.2906,106.2542,85.37,81,0,2.44,clear sky
89,Turinsk,RU,58.0458,63.696,47.46,74,13,6.11,few clouds
90,Atar,MR,20.5169,-13.0499,104.85,13,97,1.34,overcast clouds
91,Gamba,GA,-2.65,10.0,71.24,88,97,3.94,overcast clouds
92,Tasiilaq,GL,65.6145,-37.6368,48.36,85,50,5.26,scattered clouds
93,Lebu,CL,-37.6167,-73.65,52.11,88,39,12.1,scattered clouds
94,Ojinaga,MX,29.5667,-104.4167,101.57,29,1,6.91,clear sky
95,Cairns,AU,-16.9167,145.7667,64.35,77,100,10.36,overcast clouds
96,Inhambane,MZ,-23.865,35.3833,65.46,68,100,11.65,light rain
97,Tiksi,RU,71.6872,128.8694,48.25,81,100,6.38,overcast clouds
98,Aswan,EG,24.0934,32.907,94.3,20,0,6.91,clear sky
99,Moree,AU,-29.4667,149.85,37.42,87,3,4.61,clear sky
100,Eyl,SO,7.9803,49.8164,77.2,70,4,21.63,clear sky
101,Baoshan,CN,46.5586,131.4244,72.82,74,89,5.73,overcast clouds
102,Shelburne,CA,44.0787,-80.2041,83.86,35,0,15.41,clear sky
103,Tadine,NC,-21.55,167.8833,70.9,77,6,14.0,clear sky
104,Minuri,PH,16.535,121.8574,77.7,79,77,3.13,broken clouds
105,Cleethorpes,GB,53.5605,-0.0323,66.29,82,75,6.91,broken clouds
106,Cidreira,BR,-30.1811,-50.2056,68.14,67,0,10.83,clear sky
107,Hasaki,JP,35.7333,140.8333,75.6,79,10,15.75,clear sky
108,Kalmunai,LK,7.4167,81.8167,79.86,80,100,7.27,overcast clouds
109,Fortuna,US,40.5982,-124.1573,60.98,84,1,16.11,clear sky
110,Tabou,CI,4.423,-7.3528,75.81,76,15,6.46,few clouds
111,Heze,CN,35.2431,115.4411,75.78,82,98,4.85,overcast clouds
112,Laguna,US,38.421,-121.4238,105.13,33,1,1.01,clear sky
113,Albury,AU,-36.0833,146.9167,50.05,97,90,9.22,overcast clouds
114,Gari,RU,59.4307,62.3497,54.55,65,100,6.26,overcast clouds
115,Katsuura,JP,35.1333,140.3,80.11,83,56,12.08,broken clouds
116,Yarim,YE,14.298,44.3779,57.94,82,100,4.72,overcast clouds
117,Kahului,US,20.8947,-156.47,84.22,83,40,20.71,scattered clouds
118,Jamestown,US,42.097,-79.2353,85.32,54,20,9.22,few clouds
119,Mehriz,IR,31.5917,54.4318,82.9,14,0,7.16,clear sky
120,Asyut,EG,27.181,31.1837,86.18,28,0,6.93,clear sky
121,Alofi,NU,-19.0595,-169.9187,76.89,94,40,10.36,scattered clouds
122,Isangel,VU,-19.55,169.2667,75.0,87,100,12.8,overcast clouds
123,Ulaangom,MN,49.9811,92.0667,66.15,61,100,0.74,overcast clouds
124,Coihaique,CL,-45.5752,-72.0662,42.75,52,40,8.05,scattered clouds
125,Muroto,JP,33.2833,134.15,77.4,85,95,9.89,overcast clouds
126,Geraldton,AU,-28.7667,114.6,46.81,93,0,12.66,clear sky
127,Antananarivo,MG,-18.9137,47.5361,53.56,82,75,14.97,broken clouds
128,Huarmey,PE,-10.0681,-78.1522,68.94,73,14,7.05,few clouds
129,Katangli,RU,51.7102,143.2326,68.54,91,100,7.18,moderate rain
130,Spearfish,US,44.4908,-103.8594,97.68,25,1,1.99,clear sky
131,Longyearbyen,SJ,78.2186,15.6401,44.44,87,75,10.36,broken clouds
132,Praia,CV,14.9215,-23.5087,77.54,65,40,12.66,scattered clouds
133,Kavieng,PG,-2.5744,150.7967,81.0,76,93,3.51,light rain
134,Raahe,FI,64.6833,24.4833,62.69,83,20,8.86,few clouds
135,Salama,HN,14.8333,-86.5833,89.44,29,51,4.23,broken clouds
136,Ambilobe,MG,-13.2,49.05,64.18,84,63,3.47,broken clouds
137,Chuy,UY,-33.6971,-53.4616,66.07,85,1,5.59,clear sky
138,Bucerias,MX,20.75,-105.3333,90.99,66,1,13.8,clear sky
139,Apatity,RU,67.5641,33.4031,56.57,69,99,3.94,overcast clouds
140,Painesville,US,41.7245,-81.2457,89.58,67,1,8.05,clear sky
141,Hamilton,US,39.1834,-84.5333,91.22,67,40,1.99,scattered clouds
142,Magaria,NE,12.9983,8.9099,86.23,57,100,8.46,overcast clouds
143,Terney,RU,45.0503,136.6092,69.73,92,100,3.69,overcast clouds
144,Shieli,KZ,44.1667,66.75,89.02,27,0,10.6,clear sky
145,Chokurdakh,RU,70.6333,147.9167,41.11,67,1,9.71,clear sky
146,Kyshtovka,RU,56.555,76.6271,63.18,97,99,5.21,moderate rain
147,Arlit,NE,18.7369,7.3853,102.31,13,50,4.52,scattered clouds
148,Acarau,BR,-2.8856,-40.12,82.33,63,12,17.31,few clouds
149,Honiara,SB,-9.4333,159.95,76.93,88,55,6.04,broken clouds
150,Manaus,BR,-3.1019,-60.025,90.1,58,40,4.61,scattered clouds
151,Airai,TL,-8.9266,125.4092,55.85,52,76,3.22,broken clouds
152,Portland,US,45.5234,-122.6762,88.7,47,1,1.99,clear sky
153,Constitucion,CL,-35.3333,-72.4167,53.65,86,26,9.13,scattered clouds
154,Saint-Francois,FR,46.4154,3.9054,68.18,72,0,3.44,clear sky
155,Manjeshwar,IN,12.7194,74.8861,77.95,90,68,10.74,light rain
156,Bethel,US,41.3712,-73.414,82.36,79,75,5.75,broken clouds
157,Alindao,CF,5.0267,21.2088,72.7,86,74,2.89,broken clouds
158,Rocha,UY,-34.4833,-54.3333,69.3,80,36,9.13,scattered clouds
159,Tura,IN,25.5198,90.2201,75.56,95,100,5.1,overcast clouds
160,Kodiak,US,57.79,-152.4072,51.31,87,90,5.75,fog
161,Tete,MZ,-16.1564,33.5867,68.09,60,75,5.75,broken clouds
162,Goroka,PG,-6.0834,145.3873,60.1,96,87,0.36,overcast clouds
163,Berlevag,NO,70.8578,29.0864,46.4,87,75,19.57,light intensity drizzle
164,Okhotsk,RU,59.3833,143.3,55.99,98,100,3.4,heavy intensity rain
165,Pangody,RU,65.85,74.4859,48.88,85,100,10.6,overcast clouds
166,Hofn,IS,64.2539,-15.2082,52.02,94,100,19.93,overcast clouds
167,Sikonge,TZ,-5.6333,32.7667,63.84,50,1,9.93,clear sky
168,Dikson,RU,73.5069,80.5464,39.42,85,100,14.88,overcast clouds
169,Onega,RU,63.9061,38.1404,53.87,85,89,3.47,overcast clouds
170,Aklavik,CA,68.2191,-135.0107,54.43,67,100,19.15,overcast clouds
171,Abilene,US,32.4487,-99.7331,102.69,30,1,1.99,clear sky
172,Lata,PT,40.1629,-8.3327,66.92,96,57,4.88,broken clouds
173,Balkhash,KZ,46.844,74.9804,79.83,33,5,6.91,clear sky
174,Muisne,EC,0.6,-80.0333,84.31,79,94,11.07,overcast clouds
175,Kutum,SD,14.2,24.6667,72.09,73,100,9.71,overcast clouds
176,Esperance,AU,-33.8667,121.9,51.64,86,2,17.6,clear sky
177,Udachnyy,RU,66.4167,112.4,69.94,57,21,9.01,few clouds
178,Cutervo,PE,-6.379,-78.8157,63.5,52,47,4.68,scattered clouds
179,Grindavik,IS,63.8424,-22.4338,50.56,87,90,27.63,overcast clouds
180,Ancud,CL,-41.8697,-73.8203,47.73,60,33,10.54,scattered clouds
181,Faya,SA,18.3851,42.4509,66.31,78,100,4.76,overcast clouds
182,Zyryanka,RU,65.75,150.85,45.64,72,100,16.6,light rain
183,Palu,ID,-0.8917,119.8707,73.98,93,58,3.09,broken clouds
184,Nivala,FI,63.9167,24.9667,63.68,82,11,2.95,few clouds
185,Nalut,LY,30.3333,10.85,86.74,14,0,11.3,clear sky
186,Riyadh,SA,24.6877,46.7219,96.94,15,0,6.76,clear sky
187,Borogontsy,RU,62.6683,131.1683,56.61,70,3,3.94,clear sky
188,Katherine,AU,-14.4667,132.2667,64.72,77,77,6.91,broken clouds
189,Opuwo,NA,-18.0607,13.84,63.45,31,4,7.58,clear sky
190,Angul,IN,20.85,85.1,81.54,78,100,4.56,overcast clouds
191,Ife,NG,7.4667,4.5667,69.84,92,17,3.58,few clouds
192,Oranjemund,NA,-28.55,16.4333,66.18,23,100,5.97,overcast clouds
193,Nanortalik,GL,60.1432,-45.2371,45.12,73,100,13.76,overcast clouds
194,Bengkulu,ID,-3.8004,102.2655,74.48,86,2,5.41,clear sky
195,Iquique,CL,-20.2208,-70.1431,60.84,73,100,12.37,overcast clouds
196,Jiayuguan,CN,39.8167,98.3,73.54,39,60,1.63,broken clouds
197,Chauk,MM,20.8833,94.8167,81.28,75,100,10.8,overcast clouds
198,Mwene-Ditu,CD,-7.0,23.45,70.02,35,64,5.55,broken clouds
199,Martapura,ID,-3.4167,114.85,71.69,100,3,2.3,clear sky
200,Traralgon,AU,-38.1833,146.5333,52.41,74,37,3.0,scattered clouds
201,Ixtapa,MX,20.7,-105.2,90.23,66,1,13.8,clear sky
202,Anito,PH,12.4497,125.2886,81.12,77,61,9.1,broken clouds
203,Moron,AR,-34.6534,-58.6198,58.75,97,96,5.01,overcast clouds
204,Vardo,NO,70.3705,31.1107,44.58,93,75,16.11,drizzle
205,Gobabis,NA,-22.45,18.9667,49.39,54,7,11.9,clear sky
206,Hibbing,US,47.4272,-92.9377,85.42,24,1,19.57,clear sky
207,Martaban,MM,16.5314,97.6111,76.69,92,100,14.56,light rain
208,Saint-Joseph,RE,-21.3667,55.6167,68.36,76,27,12.15,scattered clouds
209,Alugan,PH,12.2188,125.4808,79.23,81,21,6.71,few clouds
210,Menongue,AO,-14.6585,17.691,55.36,44,0,5.93,clear sky
211,Bathsheba,BB,13.2167,-59.5167,84.81,79,20,11.5,few clouds
212,Waipawa,NZ,-41.4122,175.5153,52.03,77,100,13.24,light rain
213,Dauphin,CA,51.1494,-100.0502,80.74,32,1,17.27,clear sky
214,Poli,TZ,-3.3333,36.8,55.42,62,14,7.25,few clouds
215,Thinadhoo,MV,0.5333,72.9333,81.84,70,65,2.01,broken clouds
216,Kailua,US,21.4022,-157.7394,87.78,74,75,13.8,light rain
217,Tilichiki,RU,60.4667,166.1,53.22,98,100,4.14,overcast clouds
218,Champerico,GT,14.3,-91.9167,93.74,71,39,7.9,scattered clouds
219,Georgetown,MY,5.4112,100.3354,83.89,85,20,2.3,few clouds
220,Ust-Maya,RU,60.4167,134.5333,57.54,84,5,3.4,clear sky
221,Zaragoza,ES,41.6561,-0.8773,77.81,44,20,7.0,few clouds
222,Deputatskiy,RU,69.3,139.9,46.22,71,5,3.04,clear sky
223,Letlhakane,BW,-21.4167,25.5833,48.61,59,0,12.71,clear sky
224,Kaitangata,NZ,-46.2817,169.8464,48.92,73,100,3.02,overcast clouds
225,Altay,CN,47.8667,88.1167,66.52,56,89,4.09,overcast clouds
226,Ostrovskoye,RU,57.8057,42.2433,59.61,53,100,2.86,overcast clouds
227,Salinopolis,BR,-0.6136,-47.3561,82.47,73,92,10.51,overcast clouds
228,Daru,PG,-9.0763,143.2092,76.48,83,52,13.18,broken clouds
229,Ternate,ID,0.8,127.4,80.29,79,100,5.3,overcast clouds
230,Vao,NC,-22.6667,167.4833,71.38,70,54,15.75,broken clouds
231,Avera,US,33.194,-82.5271,91.9,50,84,4.41,broken clouds
232,Khash,IR,28.2211,61.2158,86.56,13,9,2.57,clear sky
233,Hobyo,SO,5.3505,48.5268,76.66,75,29,24.96,scattered clouds
234,Mehamn,NO,71.0357,27.8492,46.58,81,75,11.5,broken clouds
235,Hlobyne,UA,49.3878,33.2596,70.81,56,13,6.62,few clouds
236,Scottsbluff,US,41.8666,-103.6672,96.78,31,1,7.0,clear sky
237,Sungaipenuh,ID,-2.0833,101.3833,63.37,96,10,3.18,clear sky
238,Barrow,US,71.2906,-156.7887,44.62,92,90,12.66,overcast clouds
239,Talnakh,RU,69.4865,88.3972,55.8,93,100,4.88,overcast clouds
240,Arica,CL,-18.475,-70.3042,62.83,72,90,10.36,overcast clouds
241,Ankara,TR,39.9199,32.8543,74.32,53,4,1.99,clear sky
242,Middlebury,US,44.0153,-73.1673,85.87,69,40,8.05,scattered clouds
243,Balad,IQ,34.0164,44.1453,100.8,16,0,11.92,clear sky
244,Yumen,CN,40.2833,97.2,76.3,33,4,10.07,clear sky
245,Khasan,RU,42.4308,130.6434,73.2,96,68,2.57,broken clouds
246,Igarka,RU,67.4667,86.5833,53.83,96,71,4.63,broken clouds
247,Pervomayskiy,RU,53.2485,40.2871,60.13,49,100,4.29,overcast clouds
248,Ordynskoye,RU,54.3656,81.8994,67.21,82,95,1.77,overcast clouds
249,Hermanus,ZA,-34.4187,19.2345,61.9,53,100,9.73,overcast clouds
250,Fairbanks,US,64.8378,-147.7164,66.09,58,75,1.01,broken clouds
251,Salalah,OM,17.0151,54.0924,78.89,89,75,8.05,broken clouds
252,Severo-Kurilsk,RU,50.6789,156.125,55.06,97,86,3.8,overcast clouds
253,Cuncolim,IN,15.1667,73.9833,78.67,88,70,14.16,broken clouds
254,Lianzhou,CN,24.7811,112.3825,76.26,92,4,1.97,clear sky
255,Chabahar,IR,25.2919,60.643,85.14,79,44,0.85,scattered clouds
256,Cayenne,GF,4.9333,-52.3333,78.84,90,0,2.3,heavy intensity rain
257,Sisimiut,GL,66.9395,-53.6735,44.28,78,100,3.8,light rain
258,Saskylakh,RU,71.9167,114.0833,55.15,68,85,13.8,overcast clouds
259,Aravete,EE,59.1403,25.7485,65.59,75,13,3.2,few clouds
260,Yar-Sale,RU,66.8333,70.8333,45.52,84,51,9.1,broken clouds
261,Tigre,AR,-34.426,-58.5796,59.0,90,90,10.36,overcast clouds
262,Bulancak,TR,40.9372,38.2291,75.02,83,40,0.0,scattered clouds
263,Khilok,RU,51.3674,110.4676,55.33,81,97,2.26,overcast clouds
264,Irbeyskoye,RU,55.6428,95.4522,61.11,73,0,3.69,clear sky
265,Kruisfontein,ZA,-34.0033,24.7314,54.28,37,70,5.91,broken clouds
266,Olafsvik,IS,64.8945,-23.7142,49.75,91,72,17.34,light rain
267,Skibbereen,IE,51.55,-9.2667,69.6,86,14,0.74,few clouds
268,Parkes,AU,-33.1333,148.1833,45.36,74,41,6.15,scattered clouds
269,Meulaboh,ID,4.1363,96.1285,76.95,87,97,3.76,overcast clouds
270,Ventspils,LV,57.3894,21.5606,64.33,68,0,5.75,clear sky
271,Mackay,AU,-21.15,149.2,46.38,81,8,5.75,clear sky
272,Hammerfest,NO,70.6634,23.6821,46.85,81,75,4.61,broken clouds
273,Ranong,TH,9.9658,98.6348,78.82,88,100,7.63,overcast clouds
274,Amberley,US,39.2048,-84.428,90.54,66,40,1.99,scattered clouds
275,Newport,GB,51.5877,-2.9984,69.03,75,96,5.91,overcast clouds
276,Torbay,CA,47.6666,-52.7314,62.28,87,75,10.36,broken clouds
277,Mezen,RU,65.8522,44.24,46.56,81,100,6.89,overcast clouds
278,Namanga,KE,-2.5433,36.7905,66.11,46,97,10.0,overcast clouds
279,Penzance,GB,50.1186,-5.5371,63.61,86,13,9.71,few clouds
280,Acapulco,MX,16.8634,-99.8901,87.62,74,40,10.36,scattered clouds
281,Chengde,CN,40.9725,117.9361,68.95,96,99,3.0,light rain
282,Zabol,AF,32.25,67.25,81.55,16,0,9.17,clear sky
283,Veraval,IN,20.9,70.3667,79.92,86,100,9.69,overcast clouds
284,Guiratinga,BR,-16.3494,-53.7583,89.22,19,5,6.98,clear sky
285,Kununurra,AU,-15.7667,128.7333,58.98,82,99,3.44,overcast clouds
286,Hami,CN,42.8,93.45,85.69,19,0,8.93,clear sky
287,Tanout,NE,14.9709,8.8879,90.9,43,94,17.63,overcast clouds
288,Ostrovnoy,RU,68.0531,39.5131,45.79,90,100,16.26,overcast clouds
289,Auchi,NG,7.0667,6.2667,70.75,95,49,4.03,scattered clouds
290,Gbarnga,LR,6.9956,-9.4722,71.17,94,43,3.04,scattered clouds
291,Pauini,BR,-7.7136,-66.9764,98.69,27,36,2.64,scattered clouds
292,Leningradskiy,RU,69.3833,178.4167,37.8,90,100,4.65,overcast clouds
293,Lompoc,US,34.6391,-120.4579,84.34,66,99,5.99,overcast clouds
294,Erzin,TR,36.9559,36.2,81.32,78,0,1.99,clear sky
295,Asmar,AF,35.0333,71.3581,84.69,67,0,1.59,clear sky
296,Corumba,BR,-19.0092,-57.6533,94.91,28,0,11.5,clear sky
297,Shiraz,IR,29.6036,52.5388,92.64,7,0,9.22,clear sky
298,Setermoen,NO,68.861,18.3486,53.56,95,97,2.73,overcast clouds
299,Msanga,TZ,-6.05,36.0333,60.66,57,5,3.51,clear sky
300,Dubovskoye,RU,47.4092,42.7575,75.31,38,0,9.55,clear sky
301,Erenhot,CN,43.6475,111.9767,63.25,72,100,21.32,overcast clouds
302,Labuhan,ID,-6.8844,112.2051,72.81,83,47,7.47,scattered clouds
303,Houma,US,29.5958,-90.7195,96.8,70,40,3.44,scattered clouds
304,Omsukchan,RU,62.5333,155.8,50.86,99,100,6.42,light rain
305,Sorong,ID,-0.8833,131.25,77.11,87,100,8.99,overcast clouds
306,Maromitsa,RU,59.8683,48.0123,52.72,71,82,4.99,broken clouds
307,Hounde,BF,11.5,-3.5167,79.23,70,55,6.22,broken clouds
308,Louviers,FR,49.2167,1.1667,65.75,88,20,9.22,few clouds
309,Mao,ES,39.8885,4.2658,75.76,73,0,11.5,clear sky
310,Scarborough,GB,54.2797,-0.4044,65.86,76,87,8.86,overcast clouds
311,Dafeng,CN,23.4517,108.5881,78.85,89,55,2.26,broken clouds
312,Karratha,AU,-20.7377,116.8463,69.03,48,55,5.95,broken clouds
313,Qaqortoq,GL,60.7167,-46.0333,59.5,66,60,5.82,broken clouds
314,Benalla,AU,-36.55,145.9833,49.75,98,100,6.04,overcast clouds
315,Ahipara,NZ,-35.1667,173.1667,57.36,91,14,10.92,few clouds
316,Beyneu,KZ,45.3167,55.2,88.83,18,73,12.39,broken clouds
317,Bolobo,CD,-2.1667,16.2333,78.58,40,99,2.37,overcast clouds
318,Aksu,CN,41.1231,80.2644,85.26,26,0,2.8,clear sky
319,Mogadishu,SO,2.0371,45.3438,76.55,77,91,20.45,light rain
320,Kungurtug,RU,50.5994,97.5228,52.59,94,88,1.79,overcast clouds
321,Petropavlovsk-Kamchatskiy,RU,53.0452,158.6483,59.59,100,20,4.47,few clouds
322,Antofagasta,CL,-23.65,-70.4,60.08,78,71,8.5,broken clouds
323,Sangar,RU,63.9242,127.4739,57.88,73,3,4.41,clear sky
324,Lasa,IT,46.6166,10.7002,62.02,89,67,2.28,broken clouds
325,Umea,SE,63.8284,20.2597,62.53,82,0,2.3,clear sky
326,Sechura,PE,-5.5569,-80.8222,76.01,62,28,15.19,scattered clouds
327,Marystown,CA,47.1666,-55.1483,60.98,76,73,3.76,broken clouds
328,Tautira,PF,-17.7333,-149.15,82.42,69,0,10.42,clear sky
329,Zile,TR,40.3031,35.8864,69.12,85,1,3.4,clear sky
330,Seoul,KR,37.5683,126.9778,81.97,65,0,10.36,clear sky
331,Duluth,US,46.7833,-92.1066,89.29,26,1,5.01,clear sky
332,Camana,PE,-16.6228,-72.7111,61.92,81,61,6.2,broken clouds
333,Sur,OM,22.5667,59.5289,93.49,52,55,12.82,broken clouds
334,Sambava,MG,-14.2667,50.1667,65.59,84,54,10.94,broken clouds
335,Darayya,SY,33.459,36.2374,77.76,46,0,4.85,clear sky
336,Uspenka,UA,48.3903,39.1619,71.83,50,34,5.57,scattered clouds
337,Bismarck,US,46.8083,-100.7837,95.86,23,1,3.0,clear sky
338,Conroe,US,30.3119,-95.456,97.79,51,1,4.61,clear sky
339,Bodaybo,RU,57.8506,114.1933,57.07,76,34,2.66,scattered clouds
340,Ust-Tsilma,RU,65.441,52.1498,44.91,96,97,6.04,overcast clouds
341,Chagoda,RU,59.164,35.3285,56.5,72,17,3.91,few clouds
342,Auki,SB,-8.7676,160.7034,76.57,88,93,4.7,overcast clouds
343,Tromso,NO,69.6496,18.957,54.25,93,75,3.44,broken clouds
344,Fairview,US,40.8126,-73.999,87.49,69,90,0.0,overcast clouds
345,Buzuluk,RU,52.7807,52.2635,56.37,44,0,6.26,clear sky
346,Mogwase,ZA,-25.185,27.2665,47.07,38,0,3.74,clear sky
347,Kathu,TH,7.9178,98.3332,86.7,78,100,13.02,overcast clouds
348,Panguna,PG,-6.3164,155.4848,67.6,96,43,1.07,light rain
349,Nemuro,JP,43.3236,145.575,61.74,92,0,4.88,clear sky
350,Pathein,MM,16.7833,94.7333,79.86,86,100,10.94,moderate rain
351,Urucui,BR,-7.2294,-44.5561,91.29,27,6,11.03,clear sky
352,Wanaka,NZ,-44.7,169.15,44.11,99,100,2.01,light rain
353,Nome,US,64.5011,-165.4064,50.16,87,90,8.05,light rain
354,Novobirilyussy,RU,56.9514,90.6661,62.58,85,35,4.32,scattered clouds
355,Komsomolets,KZ,53.7453,62.0708,55.72,81,0,6.38,clear sky
356,Sayyan,YE,15.1718,44.3244,58.71,79,85,2.17,overcast clouds
357,Arman,RU,59.7,150.1667,53.47,99,100,5.7,light rain
358,Tashigang,BT,27.3331,91.5542,73.17,95,100,1.19,moderate rain
359,Sekoma,BW,-24.4,23.8833,45.61,51,3,9.69,clear sky
360,Suleja,NG,9.1758,7.1808,74.39,94,76,2.84,broken clouds
361,Irbil,IQ,36.1926,44.0106,97.75,17,0,4.85,clear sky
362,Manlleu,ES,42.0023,2.2848,74.07,89,7,2.28,clear sky
363,Mareeba,AU,-17.0,145.4333,59.72,85,100,2.28,overcast clouds
364,Atambua,ID,-9.1061,124.8925,66.47,73,85,4.29,overcast clouds
365,Tual,ID,-5.6667,132.75,79.81,79,56,18.77,broken clouds
366,Colares,PT,38.7992,-9.4469,71.28,76,75,10.0,broken clouds
367,Huangchuan,CN,32.1272,115.0394,76.3,86,100,4.59,overcast clouds
368,Ilinskiy,RU,55.619,38.1182,67.3,72,0,2.24,clear sky
369,Tezu,IN,27.9167,96.1667,77.05,98,100,2.84,overcast clouds
370,Gazanjyk,TM,39.2446,55.5154,84.11,66,2,14.88,clear sky
371,Marsassoum,SN,12.8275,-15.9806,78.89,83,100,4.68,overcast clouds
372,Moorhead,US,46.8739,-96.7676,90.99,24,1,13.8,clear sky
373,Vrangel,RU,42.7297,133.0839,73.0,94,36,2.64,scattered clouds
374,Zhangjiakou,CN,40.81,114.8794,71.49,90,100,4.43,overcast clouds
375,Vieste,IT,41.8825,16.175,84.22,53,99,8.7,overcast clouds
376,Brenham,US,30.1669,-96.3977,96.22,53,1,4.61,clear sky
377,Korla,CN,41.7597,86.1469,86.58,13,0,8.01,clear sky
378,Tabas,IR,33.5959,56.9244,91.98,10,0,11.61,clear sky
379,Monrovia,LR,6.3005,-10.7969,76.77,75,98,7.65,overcast clouds
380,Srivardhan,IN,18.0333,73.0167,80.13,88,100,17.63,overcast clouds
381,Progreso,MX,21.2833,-89.6667,94.1,64,94,9.75,overcast clouds
382,Northam,GB,51.0333,-4.2167,66.34,89,47,5.32,scattered clouds
383,Fuxin,CN,42.0156,121.6589,72.57,83,100,6.42,overcast clouds
384,Luocheng,CN,29.3848,104.0286,72.86,96,52,1.43,broken clouds
385,Gouyave,GD,12.1646,-61.7296,83.17,84,20,13.8,few clouds
386,Anzhero-Sudzhensk,RU,56.081,86.0285,67.66,97,100,4.94,overcast clouds
387,Necochea,AR,-38.5473,-58.7368,49.03,83,100,18.01,overcast clouds
388,Baculin,PH,7.4525,126.5842,79.48,73,46,6.71,scattered clouds
389,Aripuana,BR,-9.1667,-60.6333,97.41,24,15,1.52,few clouds
390,Ucluelet,CA,48.9329,-125.5528,82.04,85,5,3.0,clear sky
391,Bandrele,YT,-12.9067,45.1914,76.75,69,0,11.5,clear sky
392,Ugoofaaru,MV,5.6667,73.0,82.04,77,99,17.67,overcast clouds
393,Krasnoselkup,RU,65.7,82.4667,53.89,91,48,6.04,scattered clouds
394,Along,IN,28.1667,94.7667,76.69,99,100,0.58,overcast clouds
395,Araouane,ML,18.9048,-3.5265,101.43,23,28,2.98,scattered clouds
396,Asau,RO,46.4333,26.4,69.76,85,82,2.59,broken clouds
397,Ulladulla,AU,-35.35,150.4667,55.09,63,4,12.55,clear sky
398,At-Bashi,KG,41.1702,75.8106,61.47,35,0,1.5,clear sky
399,Benguela,AO,-12.5763,13.4055,70.41,82,66,5.39,broken clouds
400,Mitsamiouli,KM,-11.3847,43.2844,76.23,64,99,12.33,overcast clouds
401,Samarai,PG,-10.6167,150.6667,78.3,78,100,14.52,light rain
402,Kemalpasa,TR,38.4262,27.4173,81.18,51,0,6.6,clear sky
403,Taoudenni,ML,22.6783,-3.9836,106.21,5,47,10.92,scattered clouds
404,Bogashevo,RU,56.3683,85.1447,68.97,100,0,2.24,clear sky
405,Baiyin,CN,36.5583,104.2081,63.48,80,100,10.56,overcast clouds
406,Kashi,CN,39.4547,75.9797,89.22,26,0,11.18,clear sky
407,Flinders,AU,-34.5833,150.8552,55.26,66,0,3.0,clear sky
408,Verkhoyansk,RU,67.5447,133.385,60.93,60,82,1.63,broken clouds
409,Pitimbu,BR,-7.4706,-34.8086,73.99,80,8,13.65,clear sky
410,Sudak,UA,44.85,34.9667,73.83,65,56,9.69,broken clouds
411,Chancay,PE,-11.5714,-77.2672,66.56,74,16,8.79,few clouds
412,Bud,US,39.447,-86.1758,88.21,76,35,3.22,scattered clouds
413,Coquimbo,CL,-29.9533,-71.3436,58.73,67,0,12.66,clear sky
414,Gubkinskiy,RU,64.434,76.5026,55.9,78,100,15.03,light rain
415,Makushino,RU,55.2103,67.2442,53.11,62,0,8.84,clear sky
416,Ryotsu,JP,38.0833,138.4333,77.65,82,0,3.85,clear sky
417,Kadoshkino,RU,54.0257,44.4191,56.23,67,51,3.74,broken clouds
418,Amga,RU,60.8953,131.9608,57.13,92,0,2.77,clear sky
419,Sovetskiy,RU,61.3614,63.5842,52.47,67,100,5.28,overcast clouds
420,Kargil,IN,34.5667,76.1,69.13,53,35,5.59,scattered clouds
421,Koraput,IN,18.8167,82.7167,71.73,86,97,8.43,overcast clouds
422,Humaita,BR,-7.5061,-63.0208,98.87,23,67,2.24,broken clouds
423,Naze,JP,28.3667,129.4833,77.86,88,100,16.15,moderate rain
424,Mayumba,GA,-3.432,10.6554,71.01,91,82,4.97,broken clouds
425,Baishishan,CN,43.5833,127.5667,69.33,81,100,2.17,overcast clouds
426,Dunedin,NZ,-45.8742,170.5036,50.81,75,100,15.01,light rain
427,Pechora,RU,65.1472,57.2244,47.64,95,99,4.32,overcast clouds
428,Thabazimbi,ZA,-24.5917,27.4116,48.38,41,0,3.96,clear sky
429,Bintulu,MY,3.1667,113.0333,81.01,94,40,4.61,scattered clouds
430,Panaba,MX,21.2833,-88.2667,93.9,42,99,16.28,overcast clouds
431,Vasilsursk,RU,56.1275,46.0072,52.39,73,15,3.83,few clouds
432,Sistranda,NO,63.7256,8.834,55.9,91,18,9.31,few clouds
433,Shimoda,JP,34.6667,138.95,74.1,87,9,7.74,clear sky
434,Upata,VE,8.0086,-62.3989,77.09,93,100,3.62,overcast clouds
435,Sultanpur,IN,26.2667,82.0667,85.53,73,100,5.57,overcast clouds
436,Nouakchott,MR,18.0858,-15.9785,78.73,82,5,14.29,clear sky
437,Taltal,CL,-25.4,-70.4833,60.76,71,24,5.26,few clouds
438,Laramie,US,41.3114,-105.5911,84.58,17,1,5.01,clear sky
439,Lagoa,PT,39.05,-27.9833,70.23,77,100,12.28,overcast clouds
440,Kirakira,SB,-10.4544,161.9205,78.89,82,86,8.12,overcast clouds
441,Egvekinot,RU,66.3167,-179.1667,44.53,90,100,1.23,overcast clouds
442,Surt,LY,31.2089,16.5887,80.49,68,0,11.32,clear sky
443,Skegness,GB,53.1436,0.3363,65.17,88,81,9.08,broken clouds
444,Disna,BY,55.568,28.1971,63.3,63,0,4.88,clear sky
445,Westport,US,41.1415,-73.3579,83.95,82,90,1.99,overcast clouds
446,Ilo,PE,-17.6394,-71.3375,62.06,78,31,8.1,scattered clouds
447,Lalmohan,BD,22.3384,90.7419,82.87,85,100,5.35,overcast clouds
448,Mecca,SA,21.4267,39.8261,88.84,35,36,7.31,scattered clouds
449,Teknaf,BD,20.8624,92.3058,79.07,94,100,3.0,overcast clouds
450,Zatoka,UA,46.0725,30.4654,72.14,50,0,5.88,clear sky
451,Mana,GF,5.6592,-53.7767,79.86,76,92,5.48,overcast clouds
452,Zarubino,RU,42.63,131.0922,73.63,96,27,2.93,scattered clouds
453,Bairiki,KI,1.3292,172.9752,75.2,94,75,0.0,broken clouds
454,Caninde,BR,-4.3589,-39.3117,91.2,30,6,7.45,clear sky
455,Pimentel,PE,-6.8367,-79.9342,73.69,78,40,5.01,scattered clouds
456,Viedma,AR,-40.8135,-62.9967,53.53,33,4,13.8,clear sky
457,Mazagao,BR,-0.115,-51.2894,93.25,53,97,3.53,overcast clouds
458,Riverton,US,40.5219,-111.9391,99.28,22,1,3.0,clear sky
459,Sultepec,MX,18.8667,-99.95,73.29,71,69,4.5,broken clouds
460,Baracoa,CU,20.3467,-74.4958,87.78,67,21,7.25,few clouds
461,Tabasalu,EE,59.4303,24.5331,66.29,72,0,2.3,clear sky
462,Tessalit,ML,20.1986,1.0114,90.59,34,99,18.57,overcast clouds
463,Imbituba,BR,-28.24,-48.6703,67.89,72,100,11.25,overcast clouds
464,Touros,BR,-5.1989,-35.4608,79.7,73,7,14.94,clear sky
465,Bereda,ES,43.2686,-7.5406,64.42,95,60,3.18,broken clouds
466,Barysh,RU,53.6553,47.1123,60.78,55,100,1.43,overcast clouds
467,Calama,CL,-22.4667,-68.9333,64.89,9,75,18.41,broken clouds
468,Bertoua,CM,4.5833,13.6833,67.41,95,100,2.95,overcast clouds
469,Fukue,JP,32.6881,128.8419,79.57,82,100,16.96,moderate rain
470,Lazarev,RU,52.225,141.5131,59.72,98,100,20.58,overcast clouds
471,Khandyga,RU,62.6667,135.6,56.57,94,63,2.66,broken clouds
472,Haibara,JP,34.5333,135.95,74.95,68,1,3.02,clear sky
473,Biltine,TD,14.5333,20.9167,78.4,74,100,3.38,overcast clouds
474,Ilovlya,RU,49.3033,43.9796,76.3,48,23,7.7,few clouds
475,Methoni,GR,36.8197,21.7049,82.22,64,0,7.43,clear sky
476,Batagay-Alyta,RU,67.8006,130.4114,58.24,66,74,1.68,broken clouds
477,Olinda,BR,-8.0089,-34.8553,73.13,83,75,0.0,broken clouds
478,Lazdijai,LT,54.2333,23.5167,67.37,73,88,7.67,overcast clouds
479,Paradise,US,36.0972,-115.1467,97.75,34,20,10.36,few clouds
480,Wanning,CN,18.8003,110.3967,79.14,92,69,8.72,broken clouds
481,Buraydah,SA,26.326,43.975,100.85,13,3,10.71,clear sky
482,Omboue,GA,-1.5746,9.2618,73.56,81,97,6.62,overcast clouds
483,Filingue,NE,14.3521,3.3168,93.74,41,100,13.11,overcast clouds
484,Lancaster,US,40.2504,-76.2499,90.34,64,20,3.0,few clouds
485,Bergen,NO,60.392,5.328,72.01,67,75,2.3,light rain
486,Hillsboro,US,45.5229,-122.9898,88.86,44,1,3.44,clear sky
487,Husavik,IS,66.0449,-17.3389,60.71,64,100,6.26,overcast clouds
488,Biak,ID,-0.9131,122.8766,74.55,83,65,5.61,broken clouds
489,Harare,ZW,-17.8294,31.0539,46.62,66,3,10.16,clear sky
490,Bambanglipuro,ID,-7.95,110.2833,69.4,90,24,3.83,few clouds
491,Rameswaram,IN,9.2833,79.3,83.98,74,90,19.35,overcast clouds
492,Banepa,NP,27.6298,85.5214,68.32,100,75,2.3,moderate rain
493,Bilma,NE,18.6853,12.9164,86.67,50,94,19.24,overcast clouds
494,Bumba,CD,2.1833,22.4667,75.34,78,100,2.68,overcast clouds
495,Paea,PF,-17.6833,-149.5833,82.11,57,20,11.5,few clouds
496,Beloha,MG,-25.1667,45.05,62.35,67,61,11.34,broken clouds
497,Quesnel,CA,52.9999,-122.5029,61.3,67,90,13.8,moderate rain
498,Hirara,JP,24.8,125.2833,83.41,89,100,18.1,overcast clouds
499,Yeniseysk,RU,58.4497,92.1703,63.34,78,2,3.78,clear sky
500,Lashio,MM,22.9333,97.75,67.62,99,99,0.6,overcast clouds
501,Dzerzhinskoye,RU,56.8344,95.2283,61.27,77,40,3.38,scattered clouds
502,Soe,ID,-9.8607,124.284,60.19,68,19,4.21,few clouds
503,Sibut,CF,5.718,19.0739,72.36,90,100,3.38,overcast clouds
504,Panzhihua,CN,26.5851,101.7128,68.72,91,76,1.52,broken clouds
505,Shangzhi,CN,45.2167,127.9667,72.52,69,100,3.98,light rain
506,Diamantino,BR,-14.4086,-56.4461,94.6,21,5,6.58,clear sky
507,Antsohihy,MG,-14.8796,47.9875,68.23,61,11,9.19,few clouds
508,Eureka,US,40.8021,-124.1637,61.93,76,100,5.01,overcast clouds
509,Ifo,NG,6.8144,3.1958,82.02,77,12,6.8,few clouds
510,Raudeberg,NO,61.9875,5.1352,69.4,84,0,11.92,clear sky
511,Nevsehir,TR,38.9167,34.6667,70.81,49,0,18.41,clear sky
512,Changji,CN,44.0167,87.3167,81.39,28,0,6.71,clear sky
513,Ngunguru,NZ,-35.6167,174.5,57.16,88,45,10.76,scattered clouds
514,Ozuluama,MX,21.6667,-97.85,91.33,50,6,12.71,clear sky
515,Altamira,BR,-3.2033,-52.2064,91.49,46,20,4.61,few clouds
516,Nantucket,US,41.2835,-70.0995,72.0,84,90,13.8,overcast clouds
517,Matara,LK,5.9485,80.5353,77.97,86,99,10.85,overcast clouds
518,Tarija,BO,-21.5355,-64.7296,84.11,14,100,17.27,overcast clouds
519,Talara,PE,-4.5772,-81.2719,75.96,78,0,13.8,clear sky
520,Braedstrup,DK,55.9708,9.6085,68.81,78,58,8.75,broken clouds
521,Wilmington,US,34.2257,-77.9447,88.99,73,40,9.22,scattered clouds
522,Jaisalmer,IN,26.9147,70.9181,89.98,59,100,23.62,heavy intensity rain
523,Nuzvid,IN,16.7833,80.85,82.2,70,93,6.89,overcast clouds
524,Lodja,CD,-3.4833,23.4333,81.82,29,95,2.82,overcast clouds
525,Kurmanayevka,RU,52.5093,52.0675,56.55,44,0,7.05,clear sky
526,Port-Gentil,GA,-0.7193,8.7815,76.96,83,75,5.75,broken clouds
527,Palora,EC,-1.7,-77.9333,73.38,62,80,2.93,broken clouds
528,Mutare,ZW,-18.9707,32.6709,47.37,70,11,0.18,few clouds
529,Kaili,ID,-3.4626,120.2147,63.84,80,19,3.2,few clouds
530,Karakol,KG,42.4907,78.3936,66.02,17,0,4.85,clear sky
531,Murgab,TM,37.4966,61.9714,89.47,29,0,9.22,clear sky
532,Vodnyy,RU,63.5046,53.4095,51.66,81,100,6.44,overcast clouds
533,Ismailia,EG,30.6043,32.2723,79.21,70,0,9.89,clear sky
534,Eskisehir,TR,39.7767,30.5206,64.31,72,0,10.36,clear sky
535,Ahuimanu,US,21.4447,-157.8378,87.51,71,75,13.8,light rain
536,Kloulklubed,PW,7.0419,134.2556,83.89,74,100,17.63,overcast clouds
537,Coahuayana,MX,18.7333,-103.6833,90.88,64,72,6.02,broken clouds
538,Kendal,GB,54.3268,-2.7476,64.72,84,19,1.92,few clouds
539,Miri,MY,4.4148,114.0089,80.74,94,20,2.3,few clouds
540,Hovd,MN,48.0056,91.6419,65.61,58,45,3.53,scattered clouds
541,Ouegoa,NC,-20.35,164.4333,66.81,86,2,7.14,clear sky
542,Havre-Saint-Pierre,CA,50.2334,-63.5986,73.76,60,1,13.8,clear sky
543,Tarko-Sale,RU,64.9225,77.785,59.34,88,100,6.13,light rain
544,Jiuquan,CN,39.7432,98.5174,73.81,41,85,1.79,overcast clouds
545,Cartagena,CO,10.3997,-75.5144,83.82,79,75,5.75,broken clouds
546,Cumra,TR,37.5732,32.7745,75.34,32,57,5.99,light rain
547,Ziro,IN,27.6333,93.8333,61.81,99,100,0.81,overcast clouds
548,Bilibino,RU,68.0546,166.4372,48.81,67,42,4.0,scattered clouds
549,Peniche,PT,39.3558,-9.3811,71.08,91,17,10.04,few clouds
550,Nishihara,JP,26.1842,127.7558,80.26,94,75,13.8,broken clouds
551,Turan,VN,16.0678,108.2208,86.05,58,40,3.44,scattered clouds
552,Svetlogorsk,BY,52.6333,29.7333,66.34,66,58,6.04,broken clouds
553,Buala,SB,-8.145,159.5921,79.3,84,24,7.25,few clouds
554,Strezhevoy,RU,60.7333,77.5889,60.78,99,89,9.57,overcast clouds
555,Phek,IN,25.6667,94.5,61.16,99,99,1.5,overcast clouds
